59|castle|castles|
32|mysterious|mysteries|mystery
25|st||
18|abbey||
17|romance|romantic|
16|de||
15|tale|tales|
14|forest||
9|monk|monks|
8|gothic||
8|black||
7|nun|nuns|nunnery
7|secret|secrets|
7|spirit||
6|priory||
6|count|countess|
6|tower|towers|
6|cavern||
6|haunted||
6|house|houses|
5|legend|legends|legendary
5|bandit|banditti|
5|baron||
5|horrors|horrours|
5|ruin|ruins|ruined
5|rock||
5|sicilian|sicily|
5|times||
4|mountains|mountain|
4|heir||
4|santa||
4|di||
4|wanderer|wanderers|
4|witch|witches|witcheries
4|convent||
4|fatal||
4|story||
4|spectre||
4|mystic||
3|orphan||
3|valley||
3|invisible||
3|sorcerer|sorceress|
3|cambrian|cambrians|
3|novice||
3|heiress||
3|earl||
3|robber|robbers|
3|fitz||
3|friar||
3|midnight||
3|monastery||
3|grey||
3|lady||
3|recluse||
3|sepulchral|sepulchre|
3|wizard||
3|family||
3|wonder|wonders|
3|cave||
2|minstrel||
2|injunction||
2|chief||
2|days||
2|necromancer||
2|horrid||
2|northern||
2|chamber||
2|naples||
2|century||
2|vow||
2|chateau||
2|visit||
2|norman||
2|upon||
2|feudal||
2|subterranean||
2|cell||
2|maria||
2|craig||
2|carthusian|carthusians|
2|venetian||
2|rosenberg||
2|hour||
2|penitent|penitents|
2|fate||
2|sword||
2|one||
2|osrick||
2|more||
2|nocturnal||
2|spaniards|spanish|
2|noble||
2|retribution||
2|it||
2|udolpho||
2|knights||
2|death||
2|confession|confessionnal|
2|phantom|phantoms|
2|adventures||
2|unknown||
2|michael||
2|isle||
2|english||
2|john||
2|ancient||
2|villa||
2|church||
2|bravo||
2|cottager||
2|wolfenbach||
2|montfort||
2|find||
2|outlaw|outlaws|
2|out||
2|reginald||
2|old||
2|mowbray||
2|manor||
2|harcourt||
2|ghost||
2|eve||
2|on||
2|is||
2|montgomery||
2|bohemia||
2|italian||
2|ago||
2|irish||
2|tradition|traditions|
1|olalla||
1|prediction||
1|pregnancy||
1|osborne||
1|orwell||
1|powis||
1|moor||
1|phedora||
1|palace||
1|bag||
1|eleanor||
1|owen||
1|widdrington||
1|cross||
1|passage||
1|glenshiel||
1|osmund||
1|oswald||
1|blondeville||
1|montalde||
1|pomeroy||
1|pilgrims||
1|ardenne||
1|pirate||
1|otranto||
1|chivalry||
1|turretville||
1|danish||
1|montalbano||
1|altamont||
1|modrec||
1|moment||
1|laughton||
1|faulconstein||
1|montrose||
1|ghosts||
1|room||
1|montbeliard||
1|monteith||
1|clothair||
1|randolph||
1|forbidden||
1|marvellous||
1|hall||
1|matron||
1|melrose||
1|eugenio||
1|virtue||
1|misery||
1|isles||
1|midsummer||
1|milesian||
1|apparition||
1|northumberland||
1|northumbrian||
1|never||
1|other||
1|warning||
1|correlia||
1|oath||
1|ollada||
1|ethelred||
1|novini||
1|austenburn||
1|oakendale||
1|skeleton||
1|pietro||
1|mountalyth||
1|popish||
1|morne||
1|mort||
1|mountville||
1|fugitive||
1|aella||
1|netley||
1|sebastian||
1|mowbrall||
1|murderer||
1|ventoliene||
1|unna||
1|ulthona||
1|ursula||
1|silver||
1|tynian||
1|sorrows||
1|rinaldo||
1|tyrants||
1|vechii||
1|valombrosa||
1|venice||
1|vengeance||
1|vallery||
1|urvino||
1|valombre||
1|caithness||
1|twelve||
1|things||
1|theresa||
1|edelfrida||
1|three||
1|hungary||
1|ella||
1|rival||
1|theosodius||
1|german||
1|mask||
1|monitor||
1|trappe||
1|tintern||
1|tindaro||
1|wilds||
1|toledo||
1|zulvin||
1|sherwood||
1|apartments||
1|woodland||
1|wood||
1|tomb||
1|widow||
1|gonzalo||
1|willenburgh||
1|young||
1|york||
1|zofloya||
1|banner||
1|island||
1|writers||
1|years||
1|wye||
1|who||
1|clagenfurth||
1|albigenses||
1|manuscript||
1|vivonio||
1|victim||
1|clugny||
1|fragment||
1|dusseldorf||
1|salvador||
1|watch||
1|white||
1|grenada||
1|summons||
1|wake||
1|warrior||
1|north||
1|torby||
1|roderick||
1|osma||
1|subterraneous||
1|montanville||
1|protector||
1|gabrielle||
1|there||
1|maurice||
1|dangerous||
1|rosicrucian||
1|ruby||
1|roviego||
1|elucidated||
1|rosalie||
1|rose||
1|chiefs||
1|right||
1|queen||
1|rhine||
1|raphael||
1|chronicles||
1|promise||
1|princess||
1|pyrenean||
1|rinaldini||
1|resemblance||
1|lindendorf||
1|pyrenees||
1|restless||
1|ravenswold||
1|rashleigh||
1|records||
1|recess||
1|marley||
1|gaston||
1|solemn||
1|margaret||
1|sons||
1|ilvina||
1|siege||
1|smyrna||
1|sketches||
1|tynemouth||
1|such||
1|atonement||
1|superstition||
1|strathnavern||
1|statue||
1|rosalba||
1|ashton||
1|olzenburg||
1|arville||
1|santerre||
1|saxons||
1|sargans||
1|sable||
1|ruthinglenne||
1|san||
1|hennares||
1|madrid||
1|girl||
1|seymour||
1|freebooter||
1|seal||
1|scenes||
1|sebastiano||
1|mourtray||
1|columb||
1|ulric||
1|cloister||
1|collares||
1|vergy||
1|vivaldi||
1|champion||
1|clermont||
1|clair||
1|dunse||
1|nova||
1|counts||
1|country||
1|jane||
1|constance||
1|son||
1|corcira||
1|strongbow||
1|bernard||
1|cease||
1|cesario||
1|weddings||
1|carlsheim||
1|caranzu||
1|modern||
1|mere||
1|farmer||
1|martin||
1|children||
1|melbourne||
1|christabelle||
1|vindictive||
1|chester||
1|chieftain||
1|rosario||
1|duchess||
1|dream||
1|duncaethal||
1|lords||
1|don||
1|deeds||
1|douglas||
1|montranzo||
1|elbe||
1|edwin||
1|edric||
1|life||
1|edwy||
1|scottish||
1|durston||
1|lussington||
1|edgar||
1|park||
1|critical||
1|daughter||
1|rosina||
1|courcy||
1|abbess||
1|former||
1|court||
1|dominick||
1|dellinborough||
1|demon||
1|domini||
1|montalabretti||
1|del||
1|deer||
1|delusion||
1|desert||
1|ariel||
1|apostate||
1|ankerwick||
1|mosscliff||
1|appenines||
1|angelo||
1|albert||
1|belgrove||
1|anglo||
1|auburne||
1|astonishment||
1|assassin||
1|aubrey||
1|athlin||
1|santo||
1|arts||
1|william||
1|asaph||
1|creole||
1|ages||
1|alan||
1|aikin||
1|accusing||
1|corpus||
1|neapolitan||
1|adeline||
1|anecdotes||
1|alps||
1|hermitage||
1|montbrasil||
1|amazement||
1|albyn||
1|chamouny||
1|almeria||
1|blue||
1|bigotry||
1|labyrinth||
1|neville||
1|blancard||
1|bernardo||
1|cecily||
1|bess||
1|berry||
1|canterbury||
1|strathmay||
1|bungay||
1|by||
1|caledonian||
1|than||
1|botolph||
1|bruno||
1|barra||
1|zastrozzi||
1|baldivia||
1|barozzi||
1|readers||
1|avondale||
1|alexena||
1|badajos||
1|axis||
1|brougham||
1|bell||
1|battle||
1|benevolent||
1|been||
1|battleridge||
1|bellgrove||
1|dunbayne||
1|beeston||
1|isaf||
1|terror||
1|humbert||
1|ildefonso||
1|i||
1|hubert||
1|oswythe||
1|love||
1|howard||
1|which||
1|ironside||
1|jaqueline||
1|isabel||
1|alpine||
1|inglewood||
1|mortimore||
1|illustrative||
1|in||
1|hardayne||
1|sevrac||
1|hartlebourne||
1|eleonora||
1|hebrides||
1|harmonist||
1|irvyne||
1|massacre||
1|impenetrable||
1|handed||
1|hildargo||
1|heroine||
1|history||
1|his||
1|heroic||
1|herman||
1|henry||
1|hermlt||
1|hand||
1|talisman||
1|madeline||
1|edith||
1|magical||
1|arragon||
1|lusignan||
1|animated||
1|generous||
1|hohenhelbe||
1|louisa||
1|margarita||
1|warkfield||
1|fe||
1|margiana||
1|marco||
1|manfron||
1|manfredi||
1|mansfeldt||
1|catholic||
1|koenigsmark||
1|glenroy||
1|knight||
1|la||
1|kinsman||
1|ivey||
1|wrong||
1|julian||
1|jago||
1|enemy||
1|priest||
1|eglantine||
1|leon||
1|leadenhall||
1|lake||
1|avengers||
1|highlands||
1|lanmere||
1|fourteenth||
1|ethelinde||
1|mirandola||
1|emmeline||
1|fortress||
1|forty||
1|ethelwulf||
1|ethelwina||
1|have||
1|from||
1|llewellyn||
1|errors||
1|franconia||
1|fraticide||
1|martyn||
1|fenrose||
1|ferney||
1|festival||
1|minski||
1|falconbridge||
1|falkenheim||
1|monteagle||
1|donalda||
1|force||
1|forester||
1|second||
1|siffrid||
1|flora||
1|melmoth||
1|glenmore||
1|glotzden||
1|goblin||
1|gondez||
1|bezanto||
1|elisabeth||
1|peasant||
1|gothard||
1|lucy||
1|heiresses||
1|guicciardini||
1|grasville||
1|elfrida||
1|groom||
1|ahd||
1|gallery||
1|rosamond||
1|confederate||
1|tancred||
1|fulfilled||
1|rimualdo||
1|emily||
1|emerald||
1|genius||
1|winter||
1|gaunt||
1|ellen||
1|montville||
